period_start,period_end,vehicle_group,is_total,metric,vehicles,source_id
2019-04-01,2019-06-30,Model 3,false,deliveries,77550,0001564590-19-024414
2019-04-01,2019-06-30,Model S/X,false,deliveries,17650,0001564590-19-024414
2019-04-01,2019-06-30,Total,true,deliveries,95200,0001564590-19-024414
2019-04-01,2019-06-30,Model 3,false,production,72531,0001564590-19-024414
2019-04-01,2019-06-30,Model S/X,false,production,14517,0001564590-19-024414
2019-04-01,2019-06-30,Total,true,production,87048,0001564590-19-024414
2019-07-01,2019-09-30,Model 3,false,deliveries,79600,0001564590-19-036274
2019-07-01,2019-09-30,Model S/X,false,deliveries,17400,0001564590-19-036274
2019-07-01,2019-09-30,Total,true,deliveries,97000,0001564590-19-036274
2019-07-01,2019-09-30,Model 3,false,production,79837,0001564590-19-036274
2019-07-01,2019-09-30,Model S/X,false,production,16318,0001564590-19-036274
2019-07-01,2019-09-30,Total,true,production,96155,0001564590-19-036274
2019-10-01,2019-12-31,Model 3,false,deliveries,92550,0001564590-20-000161
2019-10-01,2019-12-31,Model S/X,false,deliveries,19450,0001564590-20-000161
2019-10-01,2019-12-31,Total,true,deliveries,112000,0001564590-20-000161
2019-10-01,2019-12-31,Model 3,false,production,86958,0001564590-20-000161
2019-10-01,2019-12-31,Model S/X,false,production,17933,0001564590-20-000161
2019-10-01,2019-12-31,Total,true,production,104891,0001564590-20-000161
2020-01-01,2020-03-31,Model 3/Y,false,deliveries,76200,0001564590-20-014992
2020-01-01,2020-03-31,Model S/X,false,deliveries,12200,0001564590-20-014992
2020-01-01,2020-03-31,Total,true,deliveries,88400,0001564590-20-014992
2020-01-01,2020-03-31,Model 3/Y,false,production,87282,0001564590-20-014992
2020-01-01,2020-03-31,Model S/X,false,production,15390,0001564590-20-014992
2020-01-01,2020-03-31,Total,true,production,102672,0001564590-20-014992
2020-04-01,2020-06-30,Model 3/Y,false,deliveries,80050,0001564590-20-031568
2020-04-01,2020-06-30,Model S/X,false,deliveries,10600,0001564590-20-031568
2020-04-01,2020-06-30,Total,true,deliveries,90650,0001564590-20-031568
2020-04-01,2020-06-30,Model 3/Y,false,production,75946,0001564590-20-031568
2020-04-01,2020-06-30,Model S/X,false,production,6326,0001564590-20-031568
2020-04-01,2020-06-30,Total,true,production,82272,0001564590-20-031568
2020-07-01,2020-09-30,Model 3/Y,false,deliveries,124100,0001564590-20-045592
2020-07-01,2020-09-30,Model S/X,false,deliveries,15200,0001564590-20-045592
2020-07-01,2020-09-30,Total,true,deliveries,139300,0001564590-20-045592
2020-07-01,2020-09-30,Model 3/Y,false,production,128044,0001564590-20-045592
2020-07-01,2020-09-30,Model S/X,false,production,16992,0001564590-20-045592
2020-07-01,2020-09-30,Total,true,production,145036,0001564590-20-045592
2020-10-01,2020-12-31,Model 3/Y,false,deliveries,161650,0001564590-21-000008
2020-10-01,2020-12-31,Model S/X,false,deliveries,18920,0001564590-21-000008
2020-10-01,2020-12-31,Total,true,deliveries,180570,0001564590-21-000008
2020-10-01,2020-12-31,Model 3/Y,false,production,163660,0001564590-21-000008
2020-10-01,2020-12-31,Model S/X,false,production,16097,0001564590-21-000008
2020-10-01,2020-12-31,Total,true,production,179757,0001564590-21-000008
2021-01-01,2021-03-31,Model 3/Y,false,deliveries,182780,0001564590-21-017443
2021-01-01,2021-03-31,Model S/X,false,deliveries,2020,0001564590-21-017443
2021-01-01,2021-03-31,Total,true,deliveries,184800,0001564590-21-017443
2021-01-01,2021-03-31,Model 3/Y,false,production,180338,0001564590-21-017443
2021-01-01,2021-03-31,Model S/X,false,production,0,0001564590-21-017443
2021-01-01,2021-03-31,Total,true,production,180338,0001564590-21-017443
2021-04-01,2021-06-30,Model 3/Y,false,deliveries,199360,0000950170-21-000423
2021-04-01,2021-06-30,Model S/X,false,deliveries,1890,0000950170-21-000423
2021-04-01,2021-06-30,Total,true,deliveries,201250,0000950170-21-000423
2021-04-01,2021-06-30,Model 3/Y,false,production,204081,0000950170-21-000423
2021-04-01,2021-06-30,Model S/X,false,production,2340,0000950170-21-000423
2021-04-01,2021-06-30,Total,true,production,206421,0000950170-21-000423
2021-07-01,2021-09-30,Model 3/Y,false,deliveries,232025,0001564590-21-049874
2021-07-01,2021-09-30,Model S/X,false,deliveries,9275,0001564590-21-049874
2021-07-01,2021-09-30,Total,true,deliveries,241300,0001564590-21-049874
2021-07-01,2021-09-30,Model 3/Y,false,production,228882,0001564590-21-049874
2021-07-01,2021-09-30,Model S/X,false,production,8941,0001564590-21-049874
2021-07-01,2021-09-30,Total,true,production,237823,0001564590-21-049874
2021-10-01,2021-12-31,Model 3/Y,false,deliveries,296850,0001564590-22-000009
2021-10-01,2021-12-31,Model S/X,false,deliveries,11750,0001564590-22-000009
2021-10-01,2021-12-31,Total,true,deliveries,308600,0001564590-22-000009
2021-10-01,2021-12-31,Model 3/Y,false,production,292731,0001564590-22-000009
2021-10-01,2021-12-31,Model S/X,false,production,13109,0001564590-22-000009
2021-10-01,2021-12-31,Total,true,production,305840,0001564590-22-000009
2022-01-01,2022-03-31,Model 3/Y,false,deliveries,295324,0001564590-22-013264
2022-01-01,2022-03-31,Model S/X,false,deliveries,14724,0001564590-22-013264
2022-01-01,2022-03-31,Total,true,deliveries,310048,0001564590-22-013264
2022-01-01,2022-03-31,Model 3/Y,false,production,291189,0001564590-22-013264
2022-01-01,2022-03-31,Model S/X,false,production,14218,0001564590-22-013264
2022-01-01,2022-03-31,Total,true,production,305407,0001564590-22-013264
2022-04-01,2022-06-30,Model 3/Y,false,deliveries,238533,0001564590-22-025153
2022-04-01,2022-06-30,Model S/X,false,deliveries,16162,0001564590-22-025153
2022-04-01,2022-06-30,Total,true,deliveries,254695,0001564590-22-025153
2022-04-01,2022-06-30,Model 3/Y,false,production,242169,0001564590-22-025153
2022-04-01,2022-06-30,Model S/X,false,production,16411,0001564590-22-025153
2022-04-01,2022-06-30,Total,true,production,258580,0001564590-22-025153
2022-07-01,2022-09-30,Model 3/Y,false,deliveries,325158,0001564590-22-033053
2022-07-01,2022-09-30,Model S/X,false,deliveries,18672,0001564590-22-033053
2022-07-01,2022-09-30,Total,true,deliveries,343830,0001564590-22-033053
2022-07-01,2022-09-30,Model 3/Y,false,production,345988,0001564590-22-033053
2022-07-01,2022-09-30,Model S/X,false,production,19935,0001564590-22-033053
2022-07-01,2022-09-30,Total,true,production,365923,0001564590-22-033053
2022-10-01,2022-12-31,Model 3/Y,false,deliveries,388131,0001564590-23-000002
2022-10-01,2022-12-31,Model S/X,false,deliveries,17147,0001564590-23-000002
2022-10-01,2022-12-31,Total,true,deliveries,405278,0001564590-23-000002
2022-10-01,2022-12-31,Model 3/Y,false,production,419088,0001564590-23-000002
2022-10-01,2022-12-31,Model S/X,false,production,20613,0001564590-23-000002
2022-10-01,2022-12-31,Total,true,production,439701,0001564590-23-000002
2023-01-01,2023-03-31,Model 3/Y,false,deliveries,412180,0001564590-23-005126
2023-01-01,2023-03-31,Model S/X,false,deliveries,10695,0001564590-23-005126
2023-01-01,2023-03-31,Total,true,deliveries,422875,0001564590-23-005126
2023-01-01,2023-03-31,Model 3/Y,false,production,421371,0001564590-23-005126
2023-01-01,2023-03-31,Model S/X,false,production,19437,0001564590-23-005126
2023-01-01,2023-03-31,Total,true,production,440808,0001564590-23-005126
2023-04-01,2023-06-30,Model 3/Y,false,deliveries,446915,0000950170-23-031241
2023-04-01,2023-06-30,Model S/X,false,deliveries,19225,0000950170-23-031241
2023-04-01,2023-06-30,Total,true,deliveries,466140,0000950170-23-031241
2023-04-01,2023-06-30,Model 3/Y,false,production,460211,0000950170-23-031241
2023-04-01,2023-06-30,Model S/X,false,production,19489,0000950170-23-031241
2023-04-01,2023-06-30,Total,true,production,479700,0000950170-23-031241
2023-07-01,2023-09-30,Model 3/Y,false,deliveries,419074,0000950170-23-050938
2023-07-01,2023-09-30,Model S/X,false,deliveries,15985,0000950170-23-050938
2023-07-01,2023-09-30,Total,true,deliveries,435059,0000950170-23-050938
2023-07-01,2023-09-30,Model 3/Y,false,production,416800,0000950170-23-050938
2023-07-01,2023-09-30,Model S/X,false,production,13688,0000950170-23-050938
2023-07-01,2023-09-30,Total,true,production,430488,0000950170-23-050938
2023-10-01,2023-12-31,Model 3/Y,false,deliveries,461538,0000950170-24-000282
2023-10-01,2023-12-31,Other Models,false,deliveries,22969,0000950170-24-000282
2023-10-01,2023-12-31,Total,true,deliveries,484507,0000950170-24-000282
2023-10-01,2023-12-31,Model 3/Y,false,production,476777,0000950170-24-000282
2023-10-01,2023-12-31,Other Models,false,production,18212,0000950170-24-000282
2023-10-01,2023-12-31,Total,true,production,494989,0000950170-24-000282
2024-01-01,2024-03-31,Model 3/Y,false,deliveries,369783,0000950170-24-040274
2024-01-01,2024-03-31,Other Models,false,deliveries,17027,0000950170-24-040274
2024-01-01,2024-03-31,Total,true,deliveries,386810,0000950170-24-040274
2024-01-01,2024-03-31,Model 3/Y,false,production,412376,0000950170-24-040274
2024-01-01,2024-03-31,Other Models,false,production,20995,0000950170-24-040274
2024-01-01,2024-03-31,Total,true,production,433371,0000950170-24-040274
2024-04-01,2024-06-30,Model 3/Y,false,deliveries,422405,0001628280-24-030714
2024-04-01,2024-06-30,Other Models,false,deliveries,21551,0001628280-24-030714
2024-04-01,2024-06-30,Total,true,deliveries,443956,0001628280-24-030714
2024-04-01,2024-06-30,Model 3/Y,false,production,386576,0001628280-24-030714
2024-04-01,2024-06-30,Other Models,false,production,24255,0001628280-24-030714
2024-04-01,2024-06-30,Total,true,production,410831,0001628280-24-030714
2024-07-01,2024-09-30,Model 3/Y,false,deliveries,439975,0001628280-24-041816
2024-07-01,2024-09-30,Other Models,false,deliveries,22915,0001628280-24-041816
2024-07-01,2024-09-30,Total,true,deliveries,462890,0001628280-24-041816
2024-07-01,2024-09-30,Model 3/Y,false,production,443668,0001628280-24-041816
2024-07-01,2024-09-30,Other Models,false,production,26128,0001628280-24-041816
2024-07-01,2024-09-30,Total,true,production,469796,0001628280-24-041816
2024-10-01,2024-12-31,Model 3/Y,false,deliveries,471930,0001628280-25-000007
2024-10-01,2024-12-31,Other Models,false,deliveries,23640,0001628280-25-000007
2024-10-01,2024-12-31,Total,true,deliveries,495570,0001628280-25-000007
2024-10-01,2024-12-31,Model 3/Y,false,production,436718,0001628280-25-000007
2024-10-01,2024-12-31,Other Models,false,production,22727,0001628280-25-000007
2024-10-01,2024-12-31,Total,true,production,459445,0001628280-25-000007
2025-01-01,2025-03-31,Model 3/Y,false,deliveries,323800,0001628280-25-016070
2025-01-01,2025-03-31,Other Models,false,deliveries,12881,0001628280-25-016070
2025-01-01,2025-03-31,Total,true,deliveries,336681,0001628280-25-016070
2025-01-01,2025-03-31,Model 3/Y,false,production,345454,0001628280-25-016070
2025-01-01,2025-03-31,Other Models,false,production,17161,0001628280-25-016070
2025-01-01,2025-03-31,Total,true,production,362615,0001628280-25-016070
2025-04-01,2025-06-30,Model 3/Y,false,deliveries,373728,0001628280-25-033842
2025-04-01,2025-06-30,Other Models,false,deliveries,10394,0001628280-25-033842
2025-04-01,2025-06-30,Total,true,deliveries,384122,0001628280-25-033842
2025-04-01,2025-06-30,Model 3/Y,false,production,396835,0001628280-25-033842
2025-04-01,2025-06-30,Other Models,false,production,13409,0001628280-25-033842
2025-04-01,2025-06-30,Total,true,production,410244,0001628280-25-033842
2025-07-01,2025-09-30,Model 3/Y,false,deliveries,481166,0001628280-25-043530
2025-07-01,2025-09-30,Other Models,false,deliveries,15933,0001628280-25-043530
2025-07-01,2025-09-30,Total,true,deliveries,497099,0001628280-25-043530
2025-07-01,2025-09-30,Model 3/Y,false,production,435826,0001628280-25-043530
2025-07-01,2025-09-30,Other Models,false,production,11624,0001628280-25-043530
2025-07-01,2025-09-30,Total,true,production,447450,0001628280-25-043530
2025-10-01,2025-12-31,Model 3/Y,false,deliveries,406585,0001628280-26-000016
2025-10-01,2025-12-31,Other Models,false,deliveries,11642,0001628280-26-000016
2025-10-01,2025-12-31,Total,true,deliveries,418227,0001628280-26-000016
2025-10-01,2025-12-31,Model 3/Y,false,production,422652,0001628280-26-000016
2025-10-01,2025-12-31,Other Models,false,production,11706,0001628280-26-000016
2025-10-01,2025-12-31,Total,true,production,434358,0001628280-26-000016
2026-01-01,2026-03-31,Model 3/Y,false,deliveries,341893,0001628280-26-022956
2026-01-01,2026-03-31,Other Models,false,deliveries,16130,0001628280-26-022956
2026-01-01,2026-03-31,Total,true,deliveries,358023,0001628280-26-022956
2026-01-01,2026-03-31,Model 3/Y,false,production,394611,0001628280-26-022956
2026-01-01,2026-03-31,Other Models,false,production,13775,0001628280-26-022956
2026-01-01,2026-03-31,Total,true,production,408386,0001628280-26-022956
2026-04-01,2026-06-30,Model 3/Y,false,deliveries,467762,0001628280-26-046717
2026-04-01,2026-06-30,Other Models,false,deliveries,12364,0001628280-26-046717
2026-04-01,2026-06-30,Total,true,deliveries,480126,0001628280-26-046717
2026-04-01,2026-06-30,Model 3/Y,false,production,442936,0001628280-26-046717
2026-04-01,2026-06-30,Other Models,false,production,8822,0001628280-26-046717
2026-04-01,2026-06-30,Total,true,production,451758,0001628280-26-046717
