period_start,period_end,deliveries,production,source_id
2019-04-01,2019-06-30,95200,87048,0001564590-19-024414
2019-07-01,2019-09-30,97000,96155,0001564590-19-036274
2019-10-01,2019-12-31,112000,104891,0001564590-20-000161
2020-01-01,2020-03-31,88400,102672,0001564590-20-014992
2020-04-01,2020-06-30,90650,82272,0001564590-20-031568
2020-07-01,2020-09-30,139300,145036,0001564590-20-045592
2020-10-01,2020-12-31,180570,179757,0001564590-21-000008
2021-01-01,2021-03-31,184800,180338,0001564590-21-017443
2021-04-01,2021-06-30,201250,206421,0000950170-21-000423
2021-07-01,2021-09-30,241300,237823,0001564590-21-049874
2021-10-01,2021-12-31,308600,305840,0001564590-22-000009
2022-01-01,2022-03-31,310048,305407,0001564590-22-013264
2022-04-01,2022-06-30,254695,258580,0001564590-22-025153
2022-07-01,2022-09-30,343830,365923,0001564590-22-033053
2022-10-01,2022-12-31,405278,439701,0001564590-23-000002
2023-01-01,2023-03-31,422875,440808,0001564590-23-005126
2023-04-01,2023-06-30,466140,479700,0000950170-23-031241
2023-07-01,2023-09-30,435059,430488,0000950170-23-050938
2023-10-01,2023-12-31,484507,494989,0000950170-24-000282
2024-01-01,2024-03-31,386810,433371,0000950170-24-040274
2024-04-01,2024-06-30,443956,410831,0001628280-24-030714
2024-07-01,2024-09-30,462890,469796,0001628280-24-041816
2024-10-01,2024-12-31,495570,459445,0001628280-25-000007
2025-01-01,2025-03-31,336681,362615,0001628280-25-016070
2025-04-01,2025-06-30,384122,410244,0001628280-25-033842
2025-07-01,2025-09-30,497099,447450,0001628280-25-043530
2025-10-01,2025-12-31,418227,434358,0001628280-26-000016
2026-01-01,2026-03-31,358023,408386,0001628280-26-022956
2026-04-01,2026-06-30,480126,451758,0001628280-26-046717
