year,heat_all_states,arizona,source_pdf
1997,81,0,heat97.pdf
1998,173,0,heat98.pdf
1999,502,0,heat99.pdf
2000,158,0,heat00.pdf
2001,166,0,heat01.pdf
2002,167,0,heat02.pdf
2003,36,0,heat03.pdf
2004,6,0,heat04.pdf
2005,158,51,heat05.pdf
2006,253,0,heat06.pdf
2007,105,0,heat07.pdf
2008,71,2,heat08.pdf
2009,45,0,heat09.pdf
2010,138,2,heat10.pdf
2011,206,3,heat11.pdf
2012,156,4,heat12.pdf
2013,92,7,heat13.pdf
2014,20,2,heat14.pdf
2015,45,2,heat15.pdf
2016,94,9,heat16.pdf
2017,107,2,heat17.pdf
2018,108,1,heat18.pdf
2019,187,143,heat19.pdf
2020,350,337,heat20.pdf
2021,375,234,heat21.pdf
2022,383,267,heat22.pdf
2023,555,448,heat23.pdf
2024,529,426,heat24.pdf
2025,100,50,heat25.pdf
