iso3,country,year,tfr
BRA,Brazil,2010,1.786
BRA,Brazil,2023,1.619
BRA,Brazil,2024,1.614
CHL,Chile,2010,1.844
CHL,Chile,2023,1.167
CHL,Chile,2024,1.140
CHN,China,2010,1.687
CHN,China,2023,0.999
CHN,China,2024,1.013
DEU,Germany,2010,1.390
DEU,Germany,2023,1.390
DEU,Germany,2024,1.360
FIN,Finland,2010,1.870
FIN,Finland,2023,1.260
FIN,Finland,2024,1.250
FRA,France,2010,2.030
FRA,France,2023,1.660
FRA,France,2024,1.610
GBR,United Kingdom,2010,1.920
GBR,United Kingdom,2023,1.560
GBR,United Kingdom,2024,1.551
HUN,Hungary,2010,1.250
HUN,Hungary,2023,1.550
HUN,Hungary,2024,1.410
IND,India,2010,2.598
IND,India,2023,1.975
IND,India,2024,1.962
ITA,Italy,2010,1.440
ITA,Italy,2023,1.210
ITA,Italy,2024,1.180
JPN,Japan,2010,1.390
JPN,Japan,2023,1.200
JPN,Japan,2024,1.150
KOR,"Korea, Rep.",2010,1.226
KOR,"Korea, Rep.",2023,0.721
KOR,"Korea, Rep.",2024,0.748
MEX,Mexico,2010,2.340
MEX,Mexico,2023,1.910
MEX,Mexico,2024,1.892
NOR,Norway,2010,1.950
NOR,Norway,2023,1.400
NOR,Norway,2024,1.450
SSF,Sub-Saharan Africa,2010,5.325
SSF,Sub-Saharan Africa,2023,4.333
SSF,Sub-Saharan Africa,2024,4.264
SWE,Sweden,2010,1.980
SWE,Sweden,2023,1.450
SWE,Sweden,2024,1.430
USA,United States,2010,1.931
USA,United States,2023,1.617
USA,United States,2024,1.627
WLD,World,2010,2.568
WLD,World,2023,2.196
WLD,World,2024,2.188
