year,all_hazards,heat,tornado,flash_flood,all_other
1997,600,81,67,86,366
1998,687,173,130,118,266
1999,908,502,94,60,252
2000,476,158,41,30,247
2001,464,166,40,35,223
2002,540,167,55,38,280
2003,438,36,54,67,281
2004,369,6,35,58,270
2005,1451,158,38,28,1227
2006,567,253,67,59,188
2007,523,105,81,71,266
2008,569,71,126,58,314
2009,373,45,21,33,274
2010,491,138,45,67,241
2011,1096,206,553,69,268
2012,538,156,69,19,294
2013,448,92,55,60,241
2014,388,20,47,31,290
2015,522,45,36,129,312
2016,458,94,18,86,260
2017,508,107,35,103,263
2018,530,108,10,54,358
2019,534,187,42,43,262
2020,757,350,76,39,292
2021,984,375,104,134,371
2022,869,383,23,73,390
2023,1050,555,86,39,370
2024,1084,529,52,119,384
2025,645,100,67,209,269
