period,period_end,gross_debt_eur_billions,net_debt_eur_billions,gross_debt_pct_gdp,source_release_date
2000-Q1,2000-03-31,854.8,724,60.5,2026-09-29
2000-Q2,2000-06-30,866.9,725.1,60.4,2026-09-29
2000-Q3,2000-09-30,870.6,739.7,59.8,2026-09-29
2000-Q4,2000-12-31,880,746.4,59.7,2026-09-29
2001-Q1,2001-03-31,875.5,760.4,58.7,2026-09-29
2001-Q2,2001-06-30,898.7,756.5,59.6,2026-09-29
2001-Q3,2001-09-30,908.6,769.9,59.7,2026-09-29
2001-Q4,2001-12-31,907.7,774.6,59.3,2026-09-29
2002-Q1,2002-03-31,919.8,783.5,59.6,2026-09-29
2002-Q2,2002-06-30,946.7,795.2,60.9,2026-09-29
2002-Q3,2002-09-30,950.3,823.9,60.7,2026-09-29
2002-Q4,2002-12-31,966.8,825.8,61.3,2026-09-29
2003-Q1,2003-03-31,998.5,842.8,62.7,2026-09-29
2003-Q2,2003-06-30,1038.2,863,64.9,2026-09-29
2003-Q3,2003-09-30,1054,889.3,65.4,2026-09-29
2003-Q4,2003-12-31,1060.4,910.7,65.4,2026-09-29
2004-Q1,2004-03-31,1082.2,928.3,65.9,2026-09-29
2004-Q2,2004-06-30,1116.6,944.9,67.3,2026-09-29
2004-Q3,2004-09-30,1121.8,965.9,67,2026-09-29
2004-Q4,2004-12-31,1134.3,979.4,66.9,2026-09-29
2005-Q1,2005-03-31,1157.6,1006,67.8,2026-09-29
2005-Q2,2005-06-30,1176.9,1023.6,68.2,2026-09-29
2005-Q3,2005-09-30,1183,1041.8,67.9,2026-09-29
2005-Q4,2005-12-31,1201.5,1054.2,68.2,2026-09-29
2006-Q1,2006-03-31,1211.1,1052.1,68.1,2026-09-29
2006-Q2,2006-06-30,1208.3,1061.9,67,2026-09-29
2006-Q3,2006-09-30,1220.5,1087.7,66.9,2026-09-29
2006-Q4,2006-12-31,1207.3,1087.3,65.4,2026-09-29
2007-Q1,2007-03-31,1244.5,1107.4,66.5,2026-09-29
2007-Q2,2007-06-30,1277.6,1115.5,67.4,2026-09-29
2007-Q3,2007-09-30,1280.5,1139.8,66.8,2026-09-29
2007-Q4,2007-12-31,1268.9,1144.4,65.5,2026-09-29
2008-Q1,2008-03-31,1311.1,1160.3,66.8,2026-09-29
2008-Q2,2008-06-30,1331,1174,67.3,2026-09-29
2008-Q3,2008-09-30,1348.7,1193.8,67.8,2026-09-29
2008-Q4,2008-12-31,1389.4,1224,69.8,2026-09-29
2009-Q1,2009-03-31,1472.9,1260.4,74.7,2026-09-29
2009-Q2,2009-06-30,1561.7,1302,79.8,2026-09-29
2009-Q3,2009-09-30,1601.4,1358.2,82.5,2026-09-29
2009-Q4,2009-12-31,1627.2,1383.8,84.1,2026-09-29
2010-Q1,2010-03-31,1672.7,1413,85.9,2026-09-29
2010-Q2,2010-06-30,1730.9,1450.7,88.3,2026-09-29
2010-Q3,2010-09-30,1710.1,1466.6,86.4,2026-09-29
2010-Q4,2010-12-31,1722.2,1504.1,86.3,2026-09-29
2011-Q1,2011-03-31,1766.8,1531.9,87.7,2026-09-29
2011-Q2,2011-06-30,1811.7,1553.9,89.2,2026-09-29
2011-Q3,2011-09-30,1806.8,1584.1,88.4,2026-09-29
2011-Q4,2011-12-31,1830.1,1611.5,88.7,2026-09-29
2012-Q1,2012-03-31,1886.8,1631.5,91.2,2026-09-29
2012-Q2,2012-06-30,1922.6,1655.4,92.6,2026-09-29
2012-Q3,2012-09-30,1902.1,1678.7,91.3,2026-09-29
2012-Q4,2012-12-31,1915.8,1712.7,91.7,2026-09-29
2013-Q1,2013-03-31,1953.6,1735.5,93.3,2026-09-29
2013-Q2,2013-06-30,1996.3,1754.7,94.8,2026-09-29
2013-Q3,2013-09-30,1985.6,1770.3,94,2026-09-29
2013-Q4,2013-12-31,2005,1802.6,94.6,2026-09-29
2014-Q1,2014-03-31,2048.6,1828.5,96.1,2026-09-29
2014-Q2,2014-06-30,2067.8,1854.1,96.7,2026-09-29
2014-Q3,2014-09-30,2073.9,1876.4,96.5,2026-09-29
2014-Q4,2014-12-31,2071.1,1888.1,96.2,2026-09-29
2015-Q1,2015-03-31,2123.9,1907.4,98,2026-09-29
2015-Q2,2015-06-30,2141.1,1933,98.2,2026-09-29
2015-Q3,2015-09-30,2140.2,1933.6,97.7,2026-09-29
2015-Q4,2015-12-31,2134.9,1950.9,97,2026-09-29
2016-Q1,2016-03-31,2188.2,1979.5,98.9,2026-09-29
2016-Q2,2016-06-30,2217.8,2001.4,99.9,2026-09-29
2016-Q3,2016-09-30,2206.5,2002.3,99.2,2026-09-29
2016-Q4,2016-12-31,2190.5,2005.8,98.1,2026-09-29
2017-Q1,2017-03-31,2256,2033.5,100.8,2026-09-29
2017-Q2,2017-06-30,2281.3,2055.7,101.2,2026-09-29
2017-Q3,2017-09-30,2278.8,2056.7,100.2,2026-09-29
2017-Q4,2017-12-31,2263.3,2050.1,98.8,2026-09-29
2018-Q1,2018-03-31,2291.6,2057.4,99.1,2026-09-29
2018-Q2,2018-06-30,2305.5,2080.4,99.2,2026-09-29
2018-Q3,2018-09-30,2325.7,2086.1,99.4,2026-09-29
2018-Q4,2018-12-31,2320.7,2106.2,98.5,2026-09-29
2019-Q1,2019-03-31,2362.2,2124.6,99.3,2026-09-29
2019-Q2,2019-06-30,2379.1,2153.9,99,2026-09-29
2019-Q3,2019-09-30,2420.3,2173.1,99.9,2026-09-29
2019-Q4,2019-12-31,2387.4,2164.4,98.2,2026-09-29
2020-Q1,2020-03-31,2445.8,2196.5,101.2,2026-09-29
2020-Q2,2020-06-30,2644.9,2298,113,2026-09-29
2020-Q3,2020-09-30,2679.6,2316.4,115.2,2026-09-29
2020-Q4,2020-12-31,2663.9,2355.5,114.9,2026-09-29
2021-Q1,2021-03-31,2752.5,2403.3,117.8,2026-09-29
2021-Q2,2021-06-30,2775.2,2471.4,114.6,2026-09-29
2021-Q3,2021-09-30,2846.6,2512.4,115.6,2026-09-29
2021-Q4,2021-12-31,2828.8,2521.5,112.8,2026-09-29
2022-Q1,2022-03-31,2916.9,2552,114.5,2026-09-29
2022-Q2,2022-06-30,2922.8,2602.1,113.1,2026-09-29
2022-Q3,2022-09-30,2962.7,2654.3,113.3,2026-09-29
2022-Q4,2022-12-31,2955.6,2682.6,111.4,2026-09-29
2023-Q1,2023-03-31,3021.1,2741.8,112.1,2026-09-29
2023-Q2,2023-06-30,3055.9,2799.3,111.2,2026-09-29
2023-Q3,2023-09-30,3095.8,2860.1,110.8,2026-09-29
2023-Q4,2023-12-31,3103.2,2873.8,109.5,2026-09-29
2024-Q1,2024-03-31,3163,2912.9,110,2026-09-29
2024-Q2,2024-06-30,3232.4,2978.9,111.6,2026-09-29
2024-Q3,2024-09-30,3303,3039.1,113.1,2026-09-29
2024-Q4,2024-12-31,3306.1,3067.8,112.6,2026-09-29
2025-Q1,2025-03-31,3346.3,3120.3,113.4,2026-09-29
2025-Q2,2025-06-30,3417.2,3175.7,115.2,2026-09-29
2025-Q3,2025-09-30,3484.1,3237.5,117,2026-09-29
2025-Q4,2025-12-31,3460.1,3242.8,115.7,2026-09-29
2026-Q1,2026-03-31,3535.9,3298.6,117.5,2026-09-29
2026-Q2,2026-06-30,3595.5,3366.8,119,2026-09-29
